Quarter,Total Income,VAT_Collected,Number of Clients,Total Expenses,VAT_Paid,Net_VAT
2,16949.58,3898.4034,4,-7751.969999999999,1599.5362,5497.9396
3,19894.489999999998,4575.7327000000005,5,-39930.19,8533.5136,13109.2463
4,28298.23,6508.592900000001,5,-28357.309999999998,6321.9698,12830.5627
